Time,Range
0,50.79639935
1,55.32243987
2,59.01094087
3,62.29532005
4,65.38798384
5,68.96686385
6,74.7395529
7,77.43359872
8,81.90060338
9,86.05985191
10,91.34249345
11,94.12240199
12,98.93608684
13,103.2100508
14,105.7744177
15,109.2882494
